product,strategy_name,profit_factor,sharpe_ratio
KELP,sma5x20,0.017937219730941704,-13.110825574427132
RAINFOREST_RESIN,sma5x20,0.016029593094944512,-14.728961785896491
SQUID_INK,sma5x20,0.8541666666666666,-0.44540524645050517
KELP,sma10x40,0.0,-13.152893511585754
RAINFOREST_RESIN,sma10x40,0.03691275167785235,-12.798960870744885
SQUID_INK,sma10x40,0.9075144508670521,-0.17936391306935354
